{"posneg.svi.pearson.2": {"direction": "posneg", "accuracy_mean": 0.8555152099, "up": 0.858880874, "strategy": "svi.pearson", "down": 0.8521495458, "thresh": 2}, "posneg.svi.pearson.3": {"direction": "posneg", "accuracy_mean": 0.7310248356999999, "up": 0.7355351881000001, "strategy": "svi.pearson", "down": 0.7265144831999999, "thresh": 3}, "posneg.svi.pearson.0": {"direction": "posneg", "accuracy_mean": 0.960528, "up": 0.9621556999999998, "strategy": "svi.pearson", "down": 0.9589004000000001, "thresh": 0}, "posneg.svi.pearson.1": {"direction": "posneg", "accuracy_mean": 0.9473451064, "up": 0.9492593909, "strategy": "svi.pearson", "down": 0.9454308218999999, "thresh": 1}, "pos.svi.pearson.1": {"direction": "pos", "accuracy_mean": 0.840530337, "up": 0.8437599712, "strategy": "svi.pearson", "down": 0.8373007027, "thresh": 1}, "pos.svi.pearson.0": {"direction": "pos", "accuracy_mean": 0.8741972, "up": 0.8770167999999999, "strategy": "svi.pearson", "down": 0.8713777, "thresh": 0}, "posneg.svi.pearson.4": {"direction": "posneg", "accuracy_mean": 0.6291277885000001, "up": 0.6339235899, "strategy": "svi.pearson", "down": 0.6243319871999999, "thresh": 4}, "pos.svi.pearson.2": {"direction": "pos", "accuracy_mean": 0.7614178054999999, "up": 0.7653471931999999, "strategy": "svi.pearson", "down": 0.7574884178, "thresh": 2}, "posneg.svi.pearson.8": {"direction": "posneg", "accuracy_mean": 0.2551789913, "up": 0.2589757813, "strategy": "svi.pearson", "down": 0.2513822013, "thresh": 8}, "posneg.svi.pearson.9": {"direction": "posneg", "accuracy_mean": 0.1785589398, "up": 0.18180360620000002, "strategy": "svi.pearson", "down": 0.1753142735, "thresh": 9}, "pos.svi.pearson.9": {"direction": "pos", "accuracy_mean": 0.1397078536, "up": 0.1427369688, "strategy": "svi.pearson", "down": 0.1366787383, "thresh": 9}, "pos.svi.pearson.8": {"direction": "pos", "accuracy_mean": 0.1948229409, "up": 0.1981642833, "strategy": "svi.pearson", "down": 0.19148159850000002, "thresh": 8}, "pos.svi.pearson.5": {"direction": "pos", "accuracy_mean": 0.4574671853, "up": 0.4622866317, "strategy": "svi.pearson", "down": 0.452647739, "thresh": 5}, "pos.svi.pearson.4": {"direction": "pos", "accuracy_mean": 0.5669227124, "up": 0.5716647571, "strategy": "svi.pearson", "down": 0.5621806677000001, "thresh": 4}, "pos.svi.spearman.13": {"direction": "pos", "accuracy_mean": 0.042553191500000004, "up": 0.0446368246, "strategy": "svi.spearman", "down": 0.0404695584, "thresh": 13}, "pos.svi.pearson.7": {"direction": "pos", "accuracy_mean": 0.2723139846, "up": 0.2764447889, "strategy": "svi.pearson", "down": 0.2681831804, "thresh": 7}, "pos.svi.spearman.11": {"direction": "pos", "accuracy_mean": 0.042212766, "up": 0.0442841408, "strategy": "svi.spearman", "down": 0.0401413911, "thresh": 11}, "pos.svi.spearman.10": {"direction": "pos", "accuracy_mean": 0.046505522, "up": 0.048180212300000004, "strategy": "svi.spearman", "down": 0.0448308317, "thresh": 10}, "pos.svi.pearson.6": {"direction": "pos", "accuracy_mean": 0.3774472943, "up": 0.3821204707, "strategy": "svi.pearson", "down": 0.3727741179, "thresh": 6}, "posneg.svi.pearson.6": {"direction": "posneg", "accuracy_mean": 0.4421189001, "up": 0.4472078263, "strategy": "svi.pearson", "down": 0.437029974, "thresh": 6}, "posneg.svi.spearman.10": {"direction": "posneg", "accuracy_mean": 0.0489967887, "up": 0.0506516817, "strategy": "svi.spearman", "down": 0.047341895700000004, "thresh": 10}, "posneg.svi.spearman.11": {"direction": "posneg", "accuracy_mean": 0.0419574468, "up": 0.0440195741, "strategy": "svi.spearman", "down": 0.039895319500000005, "thresh": 11}, "posneg.svi.spearman.12": {"direction": "posneg", "accuracy_mean": 0.042553191500000004, "up": 0.0446368246, "strategy": "svi.spearman", "down": 0.0404695584, "thresh": 12}, "pos.cca.spearman.11": {"direction": "pos", "accuracy_mean": 0.042553191500000004, "up": 0.0446368246, "strategy": "cca.spearman", "down": 0.0404695584, "thresh": 11}, "pos.svi.pearson.3": {"direction": "pos", "accuracy_mean": 0.678235934, "up": 0.6826706316, "strategy": "svi.pearson", "down": 0.6738012363, "thresh": 3}, "posneg.svi.pearson.5": {"direction": "posneg", "accuracy_mean": 0.5189308344, "up": 0.5239350268999999, "strategy": "svi.pearson", "down": 0.5139266418999999, "thresh": 5}, "pos.svi.spearman.12": {"direction": "pos", "accuracy_mean": 0.042553191500000004, "up": 0.0446368246, "strategy": "svi.spearman", "down": 0.0404695584, "thresh": 12}, "pos.cca.pearson.8": {"direction": "pos", "accuracy_mean": 0.0839340499, "up": 0.08617430000000001, "strategy": "cca.pearson", "down": 0.0816937999, "thresh": 8}, "pos.cca.pearson.9": {"direction": "pos", "accuracy_mean": 0.0252070155, "up": 0.026396629900000003, "strategy": "cca.pearson", "down": 0.0240174011, "thresh": 9}, "pos.cca.pearson.6": {"direction": "pos", "accuracy_mean": 0.5781825903, "up": 0.5823915332, "strategy": "cca.pearson", "down": 0.5739736473, "thresh": 6}, "pos.cca.pearson.7": {"direction": "pos", "accuracy_mean": 0.2609050868, "up": 0.2647026417, "strategy": "cca.pearson", "down": 0.25710753199999997, "thresh": 7}, "pos.cca.pearson.4": {"direction": "pos", "accuracy_mean": 0.8646666868, "up": 0.8674591856999999, "strategy": "cca.pearson", "down": 0.8618741879999999, "thresh": 4}, "pos.cca.pearson.5": {"direction": "pos", "accuracy_mean": 0.7868286851, "up": 0.7901231455, "strategy": "cca.pearson", "down": 0.7835342247, "thresh": 5}, "pos.cca.pearson.2": {"direction": "pos", "accuracy_mean": 0.918141785, "up": 0.9201824377, "strategy": "cca.pearson", "down": 0.9161011323, "thresh": 2}, "pos.cca.pearson.3": {"direction": "pos", "accuracy_mean": 0.9036074796, "up": 0.9058379684000001, "strategy": "cca.pearson", "down": 0.9013769909, "thresh": 3}, "pos.cca.pearson.0": {"direction": "pos", "accuracy_mean": 0.9531141, "up": 0.9547604999999999, "strategy": "cca.pearson", "down": 0.9514676, "thresh": 0}, "pos.cca.pearson.1": {"direction": "pos", "accuracy_mean": 0.9454154609000001, "up": 0.9471522806, "strategy": "cca.pearson", "down": 0.9436786411, "thresh": 1}, "posneg.cca.pearson.11": {"direction": "posneg", "accuracy_mean": 0.042553191500000004, "up": 0.0446368246, "strategy": "cca.pearson", "down": 0.0404695584, "thresh": 11}, "posneg.cca.pearson.10": {"direction": "posneg", "accuracy_mean": 0.0278528335, "up": 0.029308865, "strategy": "cca.pearson", "down": 0.026396802, "thresh": 10}, "posneg.cca.pearson.13": {"direction": "posneg", "accuracy_mean": 0.042553191500000004, "up": 0.0446368246, "strategy": "cca.pearson", "down": 0.0404695584, "thresh": 13}, "posneg.cca.pearson.12": {"direction": "posneg", "accuracy_mean": 0.042553191500000004, "up": 0.0446368246, "strategy": "cca.pearson", "down": 0.0404695584, "thresh": 12}, "posneg.cca.spearman.9": {"direction": "posneg", "accuracy_mean": 0.028816824100000003, "up": 0.0300912406, "strategy": "cca.spearman", "down": 0.0275424077, "thresh": 9}, "posneg.cca.spearman.8": {"direction": "posneg", "accuracy_mean": 0.0837922535, "up": 0.08602258980000001, "strategy": "cca.spearman", "down": 0.0815619172, "thresh": 8}, "posneg.cca.spearman.3": {"direction": "posneg", "accuracy_mean": 0.8359609084999999, "up": 0.8391889347, "strategy": "cca.spearman", "down": 0.8327328824, "thresh": 3}, "posneg.cca.spearman.2": {"direction": "posneg", "accuracy_mean": 0.8972194873999999, "up": 0.8997318679, "strategy": "cca.spearman", "down": 0.8947071069, "thresh": 2}, "posneg.cca.spearman.1": {"direction": "posneg", "accuracy_mean": 0.9535990395, "up": 0.9553263809, "strategy": "cca.spearman", "down": 0.9518716982, "thresh": 1}, "posneg.cca.spearman.0": {"direction": "posneg", "accuracy_mean": 0.8984288, "up": 0.9012215, "strategy": "cca.spearman", "down": 0.8956361999999999, "thresh": 0}, "posneg.cca.spearman.7": {"direction": "posneg", "accuracy_mean": 0.1517935418, "up": 0.1549208357, "strategy": "cca.spearman", "down": 0.14866624779999998, "thresh": 7}, "posneg.cca.spearman.6": {"direction": "posneg", "accuracy_mean": 0.27692584,